,T_w,W name,ID_w,Gas Name,Gas Gauge,OD_gas,ID_gas,LBE Name,OD_Pb,ID_Pb,GasGap,T1,T2,A_Pb,A_water,Dc,Dh_w,W_velocity,LBE_mass_flow,LMTD,LMTD,0,Q_NTU,ID_Pb,Head_loss_w
1325,0.0013462000000000057,T-3,0.0725424,T-2.75,7,0.06985,0.060705999999999996,P-2,0.0603,0.05476,0.00020299999999999832,0.002769999999999998,0.004572,0.0023551401716978004,0.00030110382554898247,0.060503,0.0026924000000000115,7.945247767097791,24.50257326970523,576.8003789699832,188.04687954089704,20616.666714006446,18371.367466363372,0.0035814085587585606,7.3158984199632835
