,ID_Pb,OD_Pb,ID_gas,OD_gas,ID_w,GasGap,H2O_V,A_water,one_M,one_M_NTU,e_calc_new,Q_NTU_one,HL_oneM,HL_oneM_w
18,0.05476,0.0603,0.060705999999999996,0.06985,0.074168,0.00020299999999999832,4.898176420924524,0.0004884153391020783,20375.205028198157,0.030147973959523375,0.02573122425229012,18156.20264750262,0.0035814085587585606,1.7376590259262021
