,T_w,W name,ID_w,Gas Name,Gas Gauge,OD_gas,ID_gas,LBE Name,OD_Pb,ID_Pb,GasGap,T1,T2,A_Pb,A_water,Dc,Dh_w,W_velocity,LBE_mass_flow,LMTD,LMTD,L_LMTD,Head_loss_LBE,Head_loss_w,L NTU,Q_real
2003,0.006654800000000002,T-3.75,0.0831596,T-2.75,7,0.06985,0.060705999999999996,P-2,0.0603,0.05476,0.00020299999999999832,0.002769999999999998,0.004572,0.0023551401716978004,0.001599460667539664,0.060503,0.013309600000000005,1.4957194923008816,24.50257326970523,533.4920365040293,188.04687954089704,4.804609446839756,0.01720726939440414,0.25564195308410126,5.151424253062414,91617.6072192337
