,Gas Name,Gas Gauge,OD_w,ID_w,LBE Name,OD_Pb,ID_Pb,WaterGap,T1,T2,A_Pb,A_water,Dc,Dh_w,H2O_V,MFR_Pb,C_LBE,C_w,T_cout,LMTD,Q_hot,h_hot,h_cold,U,Ac_LMTD,Lc_LMTD,one_M,C_min,C_max,e,C_ratio,NTU_e,Ac_NTU,Lc_NTU,P_water,HL_w,HL_LBE,P_LBE,Q_real
1813,T-2.5,24,0.0635,0.0623824,T-2.25,0.05715,0.056032399999999996,0.002616199999999999,0.0005588000000000017,0.0005588000000000017,0.00246585951774931,0.0004912204717063616,0.05715,0.005232399999999998,4.877669607973294,25.654483003827448,3762.9573459614876,10000.0,302.5924714575313,187.837549514436,95924.71457531308,7251.631920582961,16727.59508849189,4256.500388035195,0.11997628894738568,0.6682351509990538,143549.33952800834,3762.9573459614876,10000.0,0.12405281814993926,0.37629573459614873,0.14562315996562275,0.12873809223067173,0.7170360014954238,9186.947053725691,0.9370033287651419,0.0023281568823819293,237.61627613147343,95924.71457531308
